<?xml version="1.0" encoding="UTF-8"?>
<project-private xmlns="http://www.netbeans.org/ns/project-private/1">
    <editor-bookmarks xmlns="http://www.netbeans.org/ns/editor-bookmarks/2" lastBookmarkId="0"/>
    <open-files xmlns="http://www.netbeans.org/ns/projectui-open-files/2">
        <group>
            <file>file:/C:/Users/sxm210171/Documents/NetBeansProjects/Library_Management_System/src/library_management_system/SearchBook.java</file>
            <file>file:/C:/Users/sxm210171/Documents/NetBeansProjects/Library_Management_System/src/library_management_system/CheckOutFinal.java</file>
            <file>file:/C:/Users/sxm210171/Documents/NetBeansProjects/Library_Management_System/src/library_management_system/Details.java</file>
            <file>file:/C:/Users/sxm210171/Documents/NetBeansProjects/Library_Management_System/src/library_management_system/DisplayFines.java</file>
            <file>file:/C:/Users/sxm210171/Documents/NetBeansProjects/Library_Management_System/src/library_management_system/CheckOut.java</file>
            <file>file:/C:/Users/sxm210171/Documents/NetBeansProjects/Library_Management_System/src/library_management_system/CheckIn.java</file>
            <file>file:/C:/Users/sxm210171/Documents/NetBeansProjects/Library_Management_System/src/library_management_system/CheckInFinal.java</file>
            <file>file:/C:/Users/sxm210171/Documents/NetBeansProjects/Library_Management_System/src/library_management_system/FirstPage.java</file>
        </group>
    </open-files>
</project-private>
